,Score,Protein1,Protein2,AbsPos1,AbsPos2
0,0.198122208,P48088,P00320,515,26
1,0.170233281,P48088,P00320,515,26
2,0.210247407,P00316,P48088,6,500
3,0.212496604,P00316,P48088,6,500
4,0.219251173,A0A097PB89,P48080,480,374
5,0.363672638,Q5CC92,Q5CC92,126,126
6,0.211564433,Q8GUE6,Q8GUE6,42,95
7,0.177124315,Q8GUE6,Q8GUE6,42,95
8,0.212542045,Q8GUE6,Q8GUE6,42,95
9,0.325796354,P00320,P00320,26,26
10,0.201244871,Q9XGL3,Q9XGL3,94,387
11,0.211512557,Q8GUE6,Q8GUE6,40,95
12,0.197298206,Q8GUE6,Q8GUE6,42,95
13,0.30224849,P00320,P00320,26,26
14,0.18944131,Q8GUE6,Q8GUE6,42,95
15,0.188760262,Q8GUE6,Q8GUE6,42,95
16,0.221310977,Q8GUE6,Q8GUE6,95,86
17,0.184597406,Q8GUE6,Q8GUE6,42,95
18,0.223263189,Q8GUE6,Q8GUE6,40,95
19,0.183437881,A0A097PB26,P00320,50,28
20,0.194193092,Q8GUE6,Q8GUE6,42,95
21,0.205174251,Q8GUE6,Q8GUE6,42,95
22,0.183472334,Q8GUE6,Q8GUE6,42,95
23,0.176417981,Q8GUE6,Q8GUE6,42,95
24,0.225800819,A0A097PB26,P00316,50,27
25,0.222629837,Q8GUE6,Q8GUE6,95,90
26,0.200103744,Q8GUE6,Q8GUE6,40,95
27,0.167184717,Q8GUE6,Q8GUE6,42,95
28,0.161896746,Q8GUE6,Q8GUE6,42,95
29,0.168147242,Q8GUE6,Q8GUE6,42,95
30,0.184145069,Q8GUE6,Q8GUE6,42,95
31,0.170585397,Q8GUE6,Q8GUE6,42,95
32,0.173505885,Q8GUE6,Q8GUE6,42,95
33,0.190465318,Q8GUE6,Q8GUE6,40,95
34,0.171494297,P48088,P00320,515,26
35,0.1912001,Q8GUE6,Q8GUE6,42,95
36,0.199667471,Q8GUE6,Q8GUE6,40,95
37,0.176104273,Q8GUE6,Q8GUE6,42,95
38,0.191253343,Q8GUE6,Q8GUE6,42,95
39,0.170023672,A0A097PB26,P00320,50,28
40,0.195717915,Q8GUE6,Q8GUE6,40,95
41,0.334844591,Q5CC92,Q5CC92,126,126
42,0.178821511,Q8GUE6,Q8GUE6,40,95
43,0.142664716,Q8GUE6,Q8GUE6,42,95
44,0.226497219,P48088,P00320,662,26
45,0.16660354,Q8GUE6,Q8GUE6,42,95
46,0.180832437,P24312,P24312,175,183
47,0.328255265,Q5CC92,Q5CC92,126,126
48,0.185177222,A0A2Z5XCV6,A0A2Z5XCV6,87,60
49,0.099349377,P24312,P24312,201,175
50,0.13118818,Q8GUE6,Q8GUE6,42,95
51,0.154368333,Q8GUE6,Q8GUE6,40,95
52,0.103842591,Q8GUE6,Q8GUE6,42,95
53,0.143237682,Q8GUE6,Q8GUE6,42,95
54,0.169899889,Q8GUE6,Q8GUE6,42,95
55,0.137966277,Q8GUE6,Q8GUE6,42,95
56,0.156044996,Q8GUE6,Q8GUE6,42,95
57,0.21113176,A0A2Z5XCV6,A0A2Z5XCV6,60,91
58,0.1554854,Q8GUE6,Q8GUE6,42,95
59,0.19131486,A0A2Z5XCV6,A0A2Z5XCV6,60,91
60,0.130286576,Q8GUE6,Q8GUE6,42,95
61,0.178821511,Q8GUE6,Q8GUE6,42,95
62,0.152333254,Q8GUE6,Q8GUE6,42,95
63,0.196593033,A0A2Z5XCV6,A0A2Z5XCV6,60,91
64,0.152333254,Q8GUE6,Q8GUE6,42,95
65,0.139079058,Q8GUE6,Q8GUE6,42,95
66,0.206446316,A0A097PBJ3,A0A097PBJ6,94,110
67,0.096288066,Q8GUE6,Q8GUE6,51,90
68,0.257682818,P00320,P00320,26,26
69,0.141224699,Q8GUE6,Q8GUE6,42,95
70,0.163321078,Q8GUE6,Q8GUE6,42,95
71,0.152944744,A0A097PB89,P48080,480,374
72,0.13992289,Q8GUE6,Q8GUE6,40,95
73,0.112504784,Q8GUE6,Q8GUE6,40,95
74,0.159928724,A0A0H5AWD6,A0A0H5AWD6,189,139
75,0.114916189,B5A517,B5A517,116,102
76,0.218931843,P00316,P16282,27,31
77,0.239839177,P00320,P00320,26,26
78,0.228973805,A0A2Z5XCV6,A0A2Z5XCV6,262,262
79,0.121365309,Q8GUE6,Q8GUE6,51,90
80,0.362302798,Q37106,Q37106,261,261
81,0.205242015,Q9XGL3,Q9XGL3,94,393
82,0.155836546,A0A097PBK4,P00320,872,26
83,0.317871315,A0A0H5B1P1,A0A0H5B1P1,187,187
84,0.338039425,Q37106,Q37106,261,261
85,0.13525552,Q8GUE6,Q8GUE6,42,95
86,0.136651113,Q8GUE6,Q8GUE6,42,95
87,0.131677331,Q8GUE6,Q8GUE6,42,95
88,0.156101156,Q8GUE6,Q8GUE6,42,95
89,0.175943362,P48083,P48083,120,127
90,0.198912905,A0A097PBK4,P00320,872,26
91,0.127607393,P24312,P24312,183,316
92,0.172039533,A0A097PB26,Q00598,50,293
93,0.222166948,Q9XGL3,Q9XGL3,387,387
94,0.09614255,Q8GUE6,Q8GUE6,42,95
95,0.186806192,A0A0H5AWD6,A0A0H5AWD6,235,235
96,0.184893529,Q9XGL3,Q9XGL3,94,387
97,0.113155862,Q8GUE6,Q8GUE6,42,95
98,0.104580626,Q8GUE6,Q8GUE6,40,95
99,0.284043833,A0A0H5B1P1,A0A0H5B1P1,146,146
100,0.099237309,Q8GUE6,Q8GUE6,51,90
101,0.275098922,Q37106,Q37106,261,261
102,0.088209956,Q8GUE6,Q8GUE6,42,95
103,0.144905712,P05730,Q9T4W8,81,192
104,0.245447765,P00316,P16282,27,31
105,0.103051147,Q8GUE6,Q8GUE6,42,95
106,0.281991169,P00316,P00316,27,27
107,0.223186276,P00316,P16282,27,31
108,0.180233522,P05731,Q9T4W8,36,192
109,0.081867671,P48088,P48088,292,301
110,0.189872539,A0A2Z5XCV6,A0A2Z5XCV6,60,91
111,0.168763584,P00316,P16282,27,31
112,0.07095211,Q8GUE6,Q8GUE6,40,95
113,0.092474805,P24312,P24312,201,175
114,0.298327101,Q37106,Q37106,261,261
115,0.170882202,A0A097PB26,P05731,50,36
116,0.144725242,P05730,P17245,81,294
117,0.082904169,Q8GUE6,Q8GUE6,40,95
118,0.214814577,P00316,P16282,27,31
119,0.117191572,P05730,Q9T4W8,81,192
120,0.229929618,P00316,P16282,27,31
121,0.143372829,Q9XGL3,Q9XGL3,94,387
122,0.201930203,A0A0H5AWD6,A0A0H5B1P1,198,187
123,0.149547007,P93662,P93662,318,330
124,0.143299026,P00316,P16282,27,31
125,0.125025429,A0A097PBA2,P17245,259,294
126,0.119838424,A0A2Z5XCV6,A0A2Z5XCV6,11,19
127,0.079158699,Q8GUE6,Q8GUE6,42,95
128,0.14731653,P93662,P93662,342,345
129,0.172209316,A5XB34,A5XB34,237,257
130,0.135490882,P93662,P93662,318,330
131,0.259297378,P00316,P00316,27,27
132,0.174542183,A0A097PB26,Q00598,50,293
133,0.179996419,Q20FC5,Q20FC5,78,150
134,0.160328336,Q5CC92,Q5CC92,118,126
135,0.250291096,P00316,P00316,27,27
136,0.175382243,A0A097PB26,Q00598,50,293
137,0.168148807,P00316,P16282,27,31
138,0.256441837,P00316,P00316,27,27
139,0.14128888,P05730,A0A097PB26,81,50
140,0.116217028,P48088,P00320,515,23
141,0.205368824,B5A543,B5A543,80,227
142,0.252553743,P00316,P00316,27,27
143,0.148680954,A0A097PBA2,P17245,259,294
144,0.260839503,P00316,P00316,27,27
145,0.238122304,P00316,P00316,27,27
146,0.258126181,P00316,P00316,27,27
147,0.262065805,P00316,P00316,27,27
148,0.142947172,A0A097PB26,Q9T4W8,50,192
149,0.235900295,P00316,P00316,27,27
150,0.234885232,P00316,P00316,27,27
151,0.157454714,P00316,P16282,27,31
152,0.160466128,A0A097PB26,P05731,50,36
153,0.175675937,A0A097PB26,Q00598,50,165
154,0.193584899,P00316,P16282,27,31
155,0.178031358,A0A097PB26,Q9T4W8,50,192
156,0.15634595,P00320,P00316,28,27
157,0.169253453,Q5CC96,A0A097PBM9,112,44
158,0.103885081,P05731,Q9T4W8,28,194
159,0.12750647,P00320,P00320,28,26
160,0.126503395,A0A097PB26,Q20FC5,50,150
161,0.193148372,P00316,P16282,27,31
162,0.101774307,P05730,Q9T4W8,76,159
163,0.147206747,A0A097PB26,Q9T4W8,50,192
164,0.149626647,P48083,P48083,120,127
165,0.075221048,P05730,Q9T4W8,81,192
166,0.147322019,B5A543,B5A543,80,227
167,0.110407228,P05730,P48081,77,38
168,0.181534199,P00316,P16282,27,31
169,0.074900772,P05730,Q9T4W8,81,192
170,0.162652438,Q20FC5,Q20FC5,78,150
171,0.132802563,A0A097PB24,A0A097PB24,118,109
172,0.116958749,A0A097PB26,P17245,50,294
173,0.078205589,P05730,Q9T4W8,81,192
174,0.212898547,P00316,P00316,27,27
175,0.156201247,A0A097PBM9,Q9LEN1,57,108
176,0.171048327,P00316,P16282,27,31
177,0.149523967,P00316,P16282,27,31
178,0.151999778,P00320,P00316,28,27
179,0.189955937,P00316,P00316,27,27
180,0.2414345,P00316,P00316,27,27
181,0.077972499,A0A097PB26,P17245,50,294
182,0.115554101,A0A097PB90,A0A097PB90,72,68
183,0.141875174,P00316,P16282,27,31
184,0.196243639,P00316,P00316,27,27
185,0.121001614,A0A097PB26,P05731,50,36
186,0.113566112,P05730,Q00598,81,165
187,0.069922838,A0A097PB26,P00320,50,26
188,0.134986793,A0A097PBM9,A0A097PB70,44,253
189,0.189968613,P00316,P00316,27,27
190,0.149527283,A0A097PB26,Q9T4W8,50,192
191,0.082407491,A0A097PBK4,P00320,872,26
192,0.174106386,P05730,P05730,81,81
193,0.118480314,P05730,P05731,81,36
194,0.118373927,P00316,P16282,27,31
195,0.093970446,A0A097PB24,A0A097PB24,95,106
196,0.118077289,Q9XGL3,Q9XGL3,94,387
197,0.097999329,P05730,P17245,81,294
198,0.095552171,A0A097PBH9,P48083,48,127
199,0.144825246,A0A0H5AWD6,A0A0H5B1P1,198,187
200,0.114117046,A0A097PB26,Q9T4W8,50,192
201,0.109154553,A0A097PB26,Q9T4W8,50,192
202,0.189968613,P00316,P00316,27,27
203,0.208813944,P00316,P00316,27,27
204,0.199989211,P00316,P00316,27,27
205,0.099781259,P05731,Q00598,28,293
206,0.09939517,Q5CC91,Q5CC91,237,158
207,0.109693696,P00320,P16282,28,31
208,0.134660363,P48080,P48080,374,382
209,0.207713931,P00316,P00316,27,27
210,0.107942953,A0A097PB26,P05731,50,36
211,0.096301581,A0A097PB26,P48080,50,374
212,0.19442637,P00316,P00316,27,27
213,0.092486745,Q9XGL3,Q9XGL3,94,387
214,0.109288674,P05731,P05731,7,36
215,0.210084737,P00316,P00316,27,27
216,0.109120637,A0A097PB26,P00316,50,27
217,0.174330141,P00316,P00316,27,27
218,0.283573152,A0A097PBM9,,69,73
219,0.270655015,P48088,,663,666
220,0.232609927,O03989,,50,61
221,0.228727057,O03989,,50,61
222,0.237341821,P48088,,655,666
223,0.232459339,P48088,,663,666
224,0.205783421,A0A0H5B1P1,,210,212
225,0.202502328,P24312,,321,328
226,0.184721218,Q9SCG1,,44,50
227,0.189726621,P48088,,663,666
228,0.168311134,Q00598,,132,134
229,0.166613171,B5A517,,99,102
230,0.159387105,A0A0H5B1P1,,210,212
231,0.157700375,B5A517,,90,102
232,0.159138778,O03989,,50,61
233,0.159814754,B5A517,,90,102
234,0.152376876,A0A097PBH6,,207,210
235,0.154971926,A0A097PBM9,,69,73
236,0.156822809,P05730,,62,69
237,0.154811275,O03989,,50,61
238,0.156810084,Q00598,,158,159
239,0.155113562,P24312,,321,328
240,0.149551881,Q00598,,132,137
241,0.150762499,P24312,,328,330
242,0.14800288,A0A097PB51,,47,55
243,0.140592608,A0A0H5AWD6,,116,125
244,0.140607293,Q8GUE6,,42,44
245,0.136821241,P24312,,321,328
246,0.13679706,Q00598,,132,134
247,0.129115265,Q5CC91,,281,285
248,0.139513873,P24312,,321,328
249,0.139214065,P24312,,321,328
250,0.132020181,P48080,,377,382
251,0.13828578,P24312,,321,328
252,0.131528338,Q37757,,388,391
253,0.132992226,Q00598,,163,165
254,0.137023049,A0A023SZZ9,,239,243
255,0.13352972,P24312,,321,328
256,0.130094476,O03989,,50,53
257,0.123214671,A0A0H5AWD6,,285,289
258,0.125202512,A0A0H5AWD6,,116,125
259,0.12324772,P48080,,377,382
260,0.129700926,Q00598,,72,73
261,0.124441663,Q00598,,132,137
262,0.128969567,P24312,,321,328
263,0.123011793,P05731,,20,21
264,0.123655111,Q00598,,132,137
265,0.118397956,Q00598,,132,140
266,0.120167528,A0A097PBH6,,207,210
267,0.12679157,P24312,,321,328
268,0.120835003,P05731,,20,21
269,0.124342978,P24312,,321,328
270,0.123770234,P24312,,321,328
271,0.123075894,P24312,,321,328
272,0.117473813,A0A097PBH6,,203,210
273,0.11549342,Q00598,,132,134
274,0.120462111,P24312,,321,328
275,0.11980262,P24312,,321,328
276,0.11954317,P24312,,321,328
277,0.118174727,Q00598,,132,134
278,0.116315919,Q00598,,132,134
279,0.115231042,Q00598,,132,134
280,0.115738592,P24312,,321,328
281,0.115802151,A0A097PB39,,152,155
282,0.108620452,Q37757,,385,390
283,0.113131477,P24312,,321,328
284,0.069122796,P48080,P48080,374,382
285,0.094157806,A0A0H5AWD6,A0A0H5B1P1,198,187
286,0.078234002,A0A097PB26,Q9T4W8,50,194
287,0.075146679,Q9XGL3,Q9XGL3,94,387
288,0.072875947,Q9XGL3,Q9XGL3,94,393
289,0.087070828,A0A097PB26,Q20FC5,50,150
290,0.137660263,A0A097PBM9,Q5CC92,44,199
291,0.063905154,P05731,Q00598,28,293
292,0.068233773,P05731,P05731,28,36
293,0.116496072,C6L7W4,C6L7W4,250,246
294,0.120703541,P05730,P48080,81,471
295,0.144982968,P48368,P48368,18,50
296,0.089517644,A0A0H5B1P1,A0A0H5B1P1,146,197
297,0.087711234,A7M6Q3,A7M6Q3,440,423
,43.456,A0A097PB26;P05730,P05731;A0A097PBG9,81;81,29;29
,38.163,A0A097PB26;P05730,A0A097PB26;P05730,81;81,81;81
,35.931,A0A097PB26,A0A097PB26;P05730,50,81;81
,35.188,A0A097PB26,P05731;A0A097PBG9,50,29;29
,32.343,A0A097PB26,A0A097PB26,50,50
,31.049,A0A097PB26,P05731;A0A097PBG9,50,7;7
,31.036,A0A0H5AWD6,A0A0H5AWD6,281,281
,30.132,A0A097PB26,P05731;A0A097PBG9,50,133;133
,28.987,A0A0H5AWD6,A0A0H5B1P1,281,2
,28.909,A0A097PBK4;P48088,P00316;A0A097PBK2,318;318,6;6
,28.451,P05731;A0A097PBG9,P05731;A0A097PBG9,133;133,29;29
,28.162,P00316;A0A097PBK2,P00316;A0A097PBK2,6;6,6;6
,27.98,P05731;A0A097PBG9,P05731;A0A097PBG9,7;7,133;133
,27.441,A0A097PBK4;P48088,A0A097PBM4;P00320,515;515,26;26
,26.188,A0A097PBK4,A0A097PBM4;P00320,872,113;113
,25.81,P00316;A0A097PBK2,A0A097PBM4;P00320,61;61,53;53
,25.335,A0A097PB26;P05730,P05731;A0A097PBG9,81;81,7;7
,22.983,A0A097PBK4;P48088,P00316;A0A097PBK2,51;51,27;27
,22.83,P00316;A0A097PBK2,P00316;A0A097PBK2,27;27,27;27
,22.716,A0A097PBM2;Q37106,A0A097PBM2;Q37106,261;261,55;55
,22.121,Q20FC5,Q20FC5,150,78
,21.93,Q8GUE6,Q8GUE6,51,90
,21.567,A0A097PBK4;P48088,A0A097PBK4;P48088,292;292,274;274
,21.42,A0A097PBM4;P00320,A0A097PBM4;P00320,26;26,28;28
,20.146,A0A097PBK1;P48103,A0A097PBK1;P48103,438;438,438;438
,20.073,P00316;A0A097PBK2,A0A097PB26,27;27,50
,19.889,P00316;A0A097PBK2,P05731;A0A097PBG9,27;27,29;29
,19.512,P05731;A0A097PBG9,P05731;A0A097PBG9,7;7,125;125
,19.42,P00316;A0A097PBK2,P16282;A0A097PB87,27;27,31;31
,19.394,A0A097PB26,A0A097PB89;P48080,50,94;94
,19.334,A0A097PBM4;P00320,A0A097PBM4;P00320,26;26,26;26
,19.311,Q37761;A0A097PBH2,A0A097PBH2,28;28,42
,18.838,P24312;A0A023SZZ9,P24312;A0A023SZZ9,175;175,183;183
,18.379,A0A097PB26,A0A097PB26,45,45
,18.199,P00316;A0A097PBK2,A0A097PB01,27;27,42
,17.955,A0A0H5AWD6,A0A0H5B1P1,214,197
,17.94,A0A097PBM9;P48115,A0A097PBM9;P48115,44;44,44;44
,17.733,P00316;A0A097PBK2,A0A097PBK4,6;6,607
,17.571,Q5CC92,Q5CC92,118,126
,17.481,P24312;A0A023SZZ9,P24312;A0A023SZZ9,316;316,316;316
,17.458,A0A097PBK4;P48088,A0A097PBK4,467;467,607
,17.382,P48104;A0A097PB21,Q5CC91,327;327,257
,17.324,Q9XGL3,Q9XGL3,94,387
,17.244,A0A097PBA2;P17245,P17245,259;259,294
,17.078,Q20FC5,P05731;A0A097PBG9,150,29;29
,16.929,P00316;A0A097PBK2,A0A097PBK4,6;6,696
,16.827,A0A0H5AWD6,A0A0H5B1P1,154,224
,16.826,A0A097PBK4;P48088,A0A097PBK4,794;794,801
,16.71,A0A097PB24,A0A097PB24;P48085,106,95;95
,16.631,A0A097PBM4;P00320,P05731;A0A097PBG9,28;28,133;133
,16.601,A0A097PB26;P05730,Q9T4W8,81;81,194
,16.427,A0A097PBK4;P48088,P00316;A0A097PBK2,702;702,6;6
,16.384,A0A097PBK4;P48088,P00316;A0A097PBK2,717;717,6;6
,16.198,A0A097PB26;P05730,A0A097PBM4;P00320,81;81,26;26
,16.081,A0A097PBM4;P00320,P05731;A0A097PBG9,26;26,29;29
,16.047,A0A097PBK4;P48088,A0A097PBM4;P00320,666;666,26;26
,16.012,A0A0H5AWD6,A0A0H5B1P1,281,192
,15.549,P93662,P93662,345,342
,15.288,P48140;A0A097PB94,P48140;A0A097PB94,5;5,12;12
,15.245,A0A0H5B1P1,A0A0H5B1P1,212,212
,15.185,P24312;A0A023SZZ9,P24312;A0A023SZZ9,175;175,201;201
,15.049,A0A097PBM4;P00320,Q9SMI2,17;17,1
,14.945,A0A023SZZ9,P18062;A0A097PB76,226,8;9
,14.867,A0A097PBM4;P00320,A0A097PBM4;P00320,113;113,28;28
,14.813,P05731;A0A097PBG9,P05731;A0A097PBG9,36;36,36;36
,14.746,P00316;A0A097PBK2,P00316;A0A097PBK2,27;27,6;6
,14.649,Q9XGL3,A0A097PB26,261,50
,14.634,Q8GUE6,Q8GUE6,95,42
,14.588,P00316;A0A097PBK2,A0A097PBK4,6;6,872
,14.535,A0A097PBK4;P48088,P00316;A0A097PBK2,467;467,2;2
,14.386,A0A097PBK4;P48088,P00316;A0A097PBK2,467;467,6;6
,14.274,P18062;A0A097PB76,P18062;A0A097PB76,8;9,8;9
,14.225,A0A097PB26;P05730,P05731;A0A097PBG9,81;81,36;36
,14.203,P05731;A0A097PBG9,Q9T4W8,36;36,194
,14.07,P23402;A0A097PB83,A0A097PB83,67;67,74
,13.933,A0A097PB89;P48080,A0A097PB89;P48080,374;374,382;382
,13.726,Q00598,P05731;A0A097PBG9,293,29;29
,13.298,A0A097PBH6,A0A097PB26,210,50
,13.268,Q9XGL3,P05731;A0A097PBG9,94,117;117
,13.226,A0A2D2AGY0,P48126,82,87
,13.163,A0A097PBH1,A0A097PBB0,22,167
,12.91,P24312;A0A023SZZ9,A0A097PBC0,183;183,8
,12.839,P00316;A0A097PBK2,A0A097PBM4;P00320,27;27,28;28
,12.755,A0A097PBB3,P05731;A0A097PBG9,15,29;29
,12.626,P48104;A0A097PB21,Q5CC91,327;327,285
,12.55,P24312;A0A023SZZ9,P24312;A0A023SZZ9,201;201,316;316
,12.54,A0A097PB89;P48080,A0A097PB89;P48080,471;471,468;468
,12.425,P05731;A0A097PBG9,P48324,7;7,60
,12.397,A0A097PBM4;P00320,P05731;A0A097PBG9,28;28,126;126
,12.363,A0A097PBK4;P48088,A0A097PBK4,794;794,696
,12.158,P48323,P05731;A0A097PBG9,203,1;1
,12.119,Q5CC91,A0A097PBM9;P48115,131,44;44
,12.091,Q00598,P05731;A0A097PBG9,165,29;29
,12.042,A0A097PBR0,P05731;A0A097PBG9,64,97;97
,11.959,P24312;A0A023SZZ9,P24312;A0A023SZZ9,183;183,201;201
,11.939,A0A097PB26,Q9T4W8,50,194
,11.866,B8ZX90,P05731;A0A097PBG9,136,7;7
,11.838,A0A097PB26;P05730,P05731;A0A097PBG9,74;74,133;133
,11.812,A0A097PBK5,P05731;A0A097PBG9,78,75;75
,11.769,P14809;A0A097PBK5,P05731;A0A097PBG9,101;101,7;7
,11.579,Q00598,A0A097PB26,293,43
,11.523,A0A097PB37;P48120,P00316;A0A097PBK2,61;61,118;118
,11.409,A0A097PB26;P05730,P05731;A0A097PBG9,3;3,7;7
,11.363,Q9SMH7,A0A2D2AH01,92,263
,11.362,A0A097PB95,P05731;A0A097PBG9,160,133;133
,11.313,D9PTQ1,V5QPH1,186,982
,11.295,P48132,E9P1D8,91,88
,11.043,P48086;A0A097PBH9,P48086;A0A097PBH9,48;48,48;48
,10.934,Q5CC91,Q5CC91,158,240
,10.672,Q20FC5,Q20FC5,245,328
,10.546,A0A0H5AWD6,A0A0H5AWD6,189,139
,10.382,Q37757;A0A097PB41,Q37757;A0A097PB41,362;362,369;369
,10.38,P15766;A0A097PB50,A0A097PB50,2;2,205
,9.769,Q5CC91,Q5CC91,285,225
,9.548,P15766;A0A097PB50,A0A097PB50,2;2,196
,9.508,A0A097PBB0;P15764,A0A097PBB0;P15764,26;26,77;77
,9.243,A0A097PBM2;Q37106,A0A097PBM2;Q37106,44;44,90;90
,8.797,A0A2Z5XCV6,A0A2Z5XCV6,60,88
,8.699,Q30BD7;Q30BD8,Q30BD8,332;331,484
,8.046,P48125,A0A097PBJ7;P48125,145,158;159
,8.01,P48115,A0A097PBM9;P48115,136,36;36
,7.535,A0A126X0X3;A0A126X425,A0A126X0X3;A0A126X425,83;246,310;473
,7.393,A0A126X0X3;A0A126X425,A0A126X425,243;406,134
,6.846,Q37757;A0A097PB41,Q37757;A0A097PB41,358;358,325;325
,6.547,A0A097PBM8,A0A097PBM8,303,1